word,pos,meaning
discrepancy,n,"不一致,差异,不符"
genre,n,体裁
strain,n,"(生物体)品种,种类"
strain,n,"负担,压力"
meadow,n,草地
pendulum,n,"摆,钟摆"
pendulum,n,摇摆不定的事物
cumulative,adj,累积的
reconciliation,n,"和解,和好"
turmoil,n,"骚动,混乱"
pesticide,n,"杀虫剂,除害药物"
complement,v,补充
concession,n,让步
concession,n,"特许,特许权"
retail,adj,零售的
retail,n,零售
prestige,n,"威望,声望"
temptation,n,"诱惑,引诱"
embark,v,"开始,着手"
extravagant,adj,"奢侈的,无节制的"
subtle,adj,"不明显的,微妙的"
subtle,adj,难以捉摸的
subtle,adj,"精巧的,精妙的"
stale,adj,走味的
disciplinary,adj,学科的
hierarchy,n,"阶层,等级制度"
cognitive,adj,"认识能力的;认知的,涉及认识过程的"
extent,n,程度
laborious,adj,"费时费力的,辛苦的"
intense,adj,"强烈的,激烈的"
persistent,adj,持续的
emerge,vi,出现
emerge,vi,暴露
amateur,adj,业余爱好的
approval,n,赞同;批准
jargon,n,"行话,术语"
incentive,n,"刺激,激励"
perspective,n,"(思考问题的)角度,观点"
settle,v,确定
pharmacy,n,药房
pattern,n,"模型,模式"
pattern,n,"图案,花样,式样"
appeal,n,吸引力
appeal,n,呼吁
appeal,v,有吸引力
appeal,v,请求
appeal,v,诉诸
inquiry,n,调查;询问
executive,n,经理
executive,adj,执行的
cultivate,v,"培养,发展"
cultivate,v,"耕作,种植,栽培"
irrational,adj,"无理性的,失去理智的"
conception,n,"构想,设想"
conception,n,"思想,观念"
aspect,n,(问题等的)方面
respectively,adv,各自;分别
prosperity,n,"繁荣,兴旺,发达"
foundation,n,基础
consistent,adj,"始终如一的,一致的"
faculty,n,"教职工,全体教员"
attribute,v,"把......归因于,把......归咎于"
proposal,n,提议
graze,v,(牲畜)吃草
graze,v,放牧
metaphor,n,"暗喻,隐喻"
renowned,adj,著名的
demonstrate,v,(用实例、实验)论证
demonstrate,v,"表现,表达"
cease,v,"停止,结束"
tolerance,n,"容忍,宽恕"
tolerance,n,忍耐力
indigenous,adj,"土生土长的,本土的"
suspension,n,"暂停,中止"
compromise,n,"妥协,折中"
compromise,v,使遭受危险
intervention,n,"干涉,干预"
controversy,n,"争论,辩论"
colony,n,群体
colony,n,菌落
revenue,n,"税收,(公司或组织的)收益"
venture,n,企业
stock,n,存货
stock,n,股票
debate,n,"讨论,争论"
debate,n,辩论
debate,v,争论
debate,v,议论
dispute,n,"争论,争端"
dispute,v,争执
dispute,v,驳斥
cognition,n,认知
prestigious,adj,"有名望的,有威信的"
narrative,n,叙述;故事
initiative,n,"主动权,主动性"
initiative,n,倡议
trait,n,特征
practitioner,n,"(医生或律师等)从业者,从事者"
derivation,n,出处;词源;派生
broadcast,v,"播放,广播"
broadcast,v,"散布,传播"
broadcast,n,广播或电视节目
anchors,n,给人安全感的物(或人)
anchors,n,锚
anchors,v,担任(电...)
intend,v,打算;想要
acquire,v,(通过努力、能力)获得;得到
acquire,v,患上(疾病)
associate,v,与......有关;联系
associate,adj,副的
reconcile,v,调解
augment,v,增加;助长
imperative,adj,必要的
pasture,n,"牧场,草地"
merchandise,n,"商品,货品"
slam,v,猛烈撞击
bolster,v,"支持,鼓励"
perception,n,"感知;观念,看法"
unprecedented,adj,"前所未有的,空前的,无前例的"
loan,n,贷款
depict,v,"描绘,描写"
prosper,v,繁荣
spectacle,n,"景象,奇观"
statement,n,陈述
prone,adj,易于......的
comprehensive,adj,"全面的,完整的;详尽的"
prosecution,n,起诉
regime,n,政权
stunning,adj,"极美妙的,令人印象深刻的"
allocate,v,"分配,配给"
adequate,adj,"足够的,充分的"
compensation,n,补偿
curriculum,n,"课程,(学校或专业的)全部课程"
contagious,adj,有感染力的
repertoire,n,全部才能
beverage,n,饮料
peril,n,极度危险
scrutiny,n,"细看,详细检查,仔细观察"
confrontation,n,"对抗,对峙;冲突"
obsess,vt,"迷住,使着迷,使烦扰"
fortification,n,加强
mature,adj,成熟的
mature,v,变得成熟
salvation,n,"拯救,救赎"
hazard,n,危险
diminish,v,"减少,削弱"
retrospective,adj,回顾的
sector,n,(经济等的)行业;部门
criticism,n,批评
proximity,n,接近
moist,adj,"(表面)潮湿的,湿润的"
conspire,v,密谋策划
neglect,v,"不予重视,疏忽"
hemisphere,n,(地球的)半球(尤指以赤道为界的北半球或南半球)
underestimate,v,低估
rigor,n,"严谨,缜密"
substitute,v,代替
blaze,n,"烈火,大火"
allure,n,"诱惑力,吸引力"
thrift,n,"节俭,节约"
yield,n,产量
yield,vt,产生(收益、效益等)
yield,vt,出产(作物)
harvest,n,"收获,收割"
harvest,n,收成
distinct,adj,截然不同的;独特的
persist,v,"坚持,固执"
cram,v,仓促备考
erosion,n,侵蚀
commend,v,称赞
tactic,n,"手段,策略"
casualty,n,"伤亡人员,死伤者,受害人"
casualty,n,毁坏物
havoc,n,"破坏,灾害"
therapy,n,"疗法;治疗,理疗"
erosive,adj,侵蚀的
skeptic,n,怀疑论者
assault,n,"攻击,袭击"
mortality,n,"死亡数,死亡率"
expiration,n,期满
religious,adj,宗教的
metric,n,度量标准
waive,v,放弃
indulgent,adj,任性的
emission,n,排放
insulation,n,隔离
eager,adj,"热切的,渴望的,急不可耐的"
frustration,n,"挫败;沮丧,不满"
absurd,adj,荒谬的
autonomy,n,自主权
connotation,n,"内涵,隐含意义;含义"
denotation,n,字面意义
deprive,v,剥夺
somewhat,adv,"有点儿,稍微"
estate,n,"个人财产,遗产"
comic,n,连环漫画
stipulate,v,"规定,明确要求"
chronic,adj,(疾病)慢性的;积习难改的;(问题)长期的
advent,n,出现
hygienic,adj,卫生的
odds,n,概率(odd的复数形式)
negotiation,n,谈判
duplicate,v,重复;复制
confront,vt,面对;正视;与......对抗
devastating,adj,毁灭性的
devastation,n,"毁坏,荒废"
avail,n,益处
deficit,n,"缺少,缺陷"
sanctuary,n,"圣堂,避难所"
substantial,adj,大量的
hockey,n,曲棍球
reluctant,adj,不情愿的
consist,v,由......组成
surpass,v,胜过
renovate,v,"修复,修整"
forfeit,vt,丧失
setback,n,挫折
peninsula,n,半岛
amidst,prep,在...当中;在...期间;由...伴随
wield,vt,使用
cathedral,n,大教堂
indeed,adv,"的确,当然,确实"
prevail,v,"流行,普遍存在"
deplore,v,对......深感遗憾
alleviate,vt,缓解;减轻
ambitious,adj,"有抱负的,有野心的"
ambitious,adj,宏大的
leverage,v,利用
redundant,adj,被下岗的
deter,v,"防止,阻止;使踌躇"
maintenance,n,维护;维修
stake,n,利害关系
baffle,v,使困惑
hectic,adj,"紧张的,忙碌的"
promote,v,促进
promote,v,促销
promote,v,宣传
spur,v,"激励,鞭策"
spur,v,推动
cripple,n,"跛子,不健全的人"
cripple,v,严重削弱;使跛
facilitate,vt,促进;为他人提供方便
vicinity,n,附近
refrain,vi,"克制,抑制;避免"
bleak,adj,无希望的
expertise,n,"专门知识,专门技能"
objective,n,目标
objective,adj,客观的
solitary,adj,"孤独的,单独的,隐居的"
envisage,v,"想象,设想"
dedicate,v,献给(把书籍、戏剧、演出等)
adjacent,adj,"邻接的,毗连的;邻近的"
junction,n,"连接,接合"
interpret,v,解读;解释
conceive,v,"设想,想出"
slack,adj,懈怠的
degenerate,v,"堕落,衰减"
degenerate,adj,"腐化的,颓废的"
degenerate,n,堕落者
feat,n,"绝技,功绩,武艺"
keen,adj,"热衷的,渴望的"
keen,adj,敏锐的
breach,v,"违反,违背"
accumulate,v,"积攒,积累"
commit,v,"承诺,保证"
commit,v,干(坏事)
traumatic,adj,"(精神)受创伤的,外伤的"
saturation,n,饱和(状态)
tuition,n,学费
tissue,n,(人、动植物细胞的)组织
contemplate,v,注视
synthetic,adj,"合成的,人造的"
surge,vi,激增
surge,n,激增
contemplation,n,沉思
stifle,v,"抑制,压制,使窒息"
dispense,v,"分发,分配"
assertion,n,断言
stigma,n,"耻辱,污名"
exploit,v,"开发,开拓"
plight,n,困境
withhold,v,"抑制,拒绝给某事物"
discourse,n,"话语,语篇"
exaggerate,v,"夸大,夸张"
rational,adj,"理性的,理智的"
portray,v,描绘;描述;扮演
cricket,n,蟋蟀
discern,v,辨别
elicit,v,引出
plausible,adj,"似乎有理的,貌似可信的"
ardent,adj,"热心的,热烈的"
surplus,n,"过剩,盈余"
sovereignty,n,主权
revise,v,修改
reveal,vt,揭示;显示;透露
counterfeit,v,"伪造,仿造"
counterfeit,n,"仿制品,伪造物"
cope,vi,"处理,应对"
amendment,n,"改善,改正"
foster,v,促进;培养
subsistence,n,自给自足
metabolism,n,新陈代谢
intrigue,v,引起极大兴趣
institution,n,机构;社团
detrimental,adj,"有害的,不利的"
acidulous,adj,"有酸味的,刻薄的"
malevolent,adj,"有恶意的,恶毒的"
mint,v,铸造(硬币)
copulation,n,交配;交尾
prescribe,vt,给......开药
obsession,n,着迷
grant,v,"(勉强)承认;授予,给予"
essential,adj,"必不可少的,极其重要的"
ordeal,n,"严峻的考验,苦难的经历,折磨"
weather,v,平安地渡过(难关)
doctor,vt,"篡改(文件,照片),伪造"
acquisition,n,收购
provision,n,(法律等的)条款;规定
stiff,adj,"严厉的,严格的"
stiff,adj,困难的
possession,n,所有物;财产
lean,adj,"萧条的,不景气的"
bid,n,努力争取
entail,vt,使必需;限定继承
obvious,adj,明显的
evade,v,逃避;躲避
mend,v,治愈
correspondent,n,"通讯员,记者"
wage,vt,"开展,进行(战争、运动)"
grudge,n,怨恨;嫉妒;恶意;忿忿不平
panel,n,"讨论小组,专家咨询组"
intriguing,adj,"迷人的,有迷惑力的,引起兴趣(或好奇心)的"
depression,n,抑郁症
stalk,v,趾高气扬地走
fetch,vt,售得
subject,adj,"可能受......影响的,易遭受......的"
eminent,adj,杰出的
consensus,n,一致同意
enrol,vi,"参加,注册,登记,入学"
pension,n,"养老金,抚恤金"
pension,n,廉租屋
restrict,vt,限制;约束
irony,n,具有讽刺意味的事;反语;冷嘲
confine,v,监禁;限制
confine,n,"范围,界限,约束,限制"
anticipate,v,"期待;预测,预料"
correspond,vi,相似;通信
comprehend,v,了解;领会
conceal,v,"隐藏,隐瞒,掩盖"
nevertheless,adv,"然而,不过"
garment,n,服装
merit,n,功绩;优点;价值
burden,n,负担
substance,n,物质;实质
prevalent,adj,"普遍的,流行的"
demand,v,"强烈要求,坚决要求"
demand,n,"需求,需要"
fluctuate,v,波动
incline,n,"倾斜,斜坡,斜面"
incline,v,使倾斜
acute,adj,敏锐的
acute,adj,严重的
quote,v,引用;报价
quote,n,"引语,引文"
spouse,n,"夫,妻;配偶,夫妇"
superb,adj,极好的;壮丽的
radical,adj,"彻底的,根本的"
radical,n,激进分子
equivalent,adj,相等的
equivalent,n,等价物
collective,adj,"集体的,共同的"
convention,n,会议;习俗;惯例
candidate,n,"候选人,申请人"
likewise,adv,"同样地,此外"
obligation,n,"义务,责任"
virtue,n,"美德,高尚的道德"
casual,adj,随便的
wit,n,"智力,才智;机智"
contrary,adj,"对立的,相反的"
contrary,adj,叛逆的
dairy,adj,"奶制的,牛奶的"
dairy,n,牛奶厂
triumph,n,"胜利,凯旋"
protest,v,抗议;反对
protest,n,抗议
flee,v,逃离;逃走;避开
inhabit,v,居住于
hijack,v,"劫持,劫机,拦路抢劫"
emphasize,v,强调;着重
bother,v,"打扰,因......操心"
religion,n,宗教信仰
integrity,n,"正直,真诚"
episode,n,连续剧的一集
episode,n,(电视连续剧或广播连载节目中的)一集
awkward,adj,尴尬的
distinction,n,"优秀,杰出"
distinction,n,"差别,区分"
overall,adj,"全面的,全部的"
resemble,vt,像
indispensable,adj,必不可少的;必需的
exceptional,adj,"优越的,杰出的"
exceptional,adj,"例外的,特殊的"
faithful,adj,"忠诚的,忠实的"
implicit,adj,隐含的
lane,n,小径
expenditure,n,"花费,支出,消耗"
discriminate,v,"歧视;区别,辨别"
gratitude,n,"感激,感谢"
insure,v,为......投保
district,n,地区;区域
district,vt,把......划分成区
vanish,vi,消失
treaty,n,条约
association,n,"协会,联盟,社团"
essence,n,"精髓,精华;本质,实质"
transaction,n,交易
rural,adj,"乡村的,田园的"
reliance,n,"信赖,依靠"
deficiency,n,"不足,缺乏"
gamble,v,赌博;打赌
gamble,n,赌博
resolution,n,"决心,决定,坚定"
impulse,n,冲动
inhabitant,n,"居民,住户"
fruitful,adj,硕果累累的;富有成效的
recruit,v,"招募(新兵),招收(新成员)"
extensive,adj,广泛的;广阔的
oblige,v,"(以法律、义务等)迫使,使感激"
comprehension,n,理解力;测试
habitat,n,"栖息地,生活环境"
mysterious,adj,神秘的
misery,n,"痛苦,悲惨,不幸"
authority,n,"权威,威信"
barely,adv,"几乎不;刚好,不超过"
worthwhile,adj,"值得的,有意义的"
confidential,adj,机密的;表示信任的
contend,v,搏斗;争辩;坚决主张
appointment,n,预约;任命
decay,v,腐烂;衰退;腐朽
decay,n,腐烂;衰退;腐败
suspect,n,"犯罪嫌疑人,可疑分子"
disposal,n,"销毁,丢掉,处理"
conservative,adj,保守的
outcome,n,"结果,后果"
jury,n,"陪审团;裁判团,评委团"
privilege,n,"特权,优待"
determine,v,"决定,支配;做决定"
prudent,adj,"谨慎的,精明的"
respective,adj,分别的;各自的
accustom,v,使习惯于
imply,vt,暗示;暗指;意味着
apparent,adj,"显然的;表面上的,貌似(真实)的"
consequently,adv,"因此,结果"
removal,n,"消除,清除"
furthermore,adv,"此外,而且"
resume,v,继续进行;继续说
elegant,adj,"雅致的,陈设讲究的;优雅的,典雅的"
superior,n,上级
superior,adj,(级别/重要性)更高的
inspire,v,"激励,鼓舞;激发灵感"
tolerate,vt,"忍受,容忍"
departure,n,离开
certificate,n,"合格证书,文凭;证明,证明书"
remainder,n,"剩余物,残留部分"
remainder,v,"减价出售,削价处理"
reform,n,"革新,变革"
acquaintance,n,"相识的人,熟人"
insist,v,坚持要求;坚持认为
owe,v,归功于;欠(债、情);欠钱
succession,n,"一连串;连续,继续"
adopt,v,"采纳,采用;收养"
thoughtful,adj,"体贴的,周到的"
thoughtful,adj,沉思的
consolidate,v,"巩固,加强;把......合为一体"
imitation,n,模仿
indifferent,adj,"不感兴趣的,不关心的"
denial,n,否认;拒绝给予
desirable,adj,有吸引力的;令人满意的;令人向往的
nerve,n,"神经;胆量,勇气;神经紧张;意志力"
assign,v,布置;分配;指定
commodity,n,"商品,货物"
charter,n,"宪章;特权,豁免权"
legislation,n,"法律,法规"
fragment,n,碎片
fragment,v,使成碎片
democracy,n,民主制度;民主国家;民主主义;民众
affair,n,"事情,事务"
clarity,n,"清澈;清楚,清晰"
objection,n,"反对,异议"
prior,adj,优先的;事先的
specify,v,详细说明
moreover,adv,"此外,而且"
devise,v,"设计,想出;遗赠(不动产)"
superficial,adj,表面的;肤浅的;微不足道的
subsequent,adj,随后的
submit,v,提交;呈递
opponent,n,"对手,敌手,对抗者"
opponent,adj,对立的;敌对的
contradict,v,"与......发生矛盾,与......抵触,与......对立;反驳"
criterion,n,"标准,准则"
drastic,adj,极端的;猛烈的;激烈的
hesitate,v,踌躇;顾虑
tolerant,adj,容忍的
convince,v,"使确信,使相信;说服"
bet,n,"赌,赌注"
bet,v,打赌;敢断定
dim,adj,暗淡的
dim,v,(使)变暗淡
bachelor,n,学士
successor,n,继承者;继任者
fellow,n,"家伙,男人"
fellow,adj,"处于相同情况的,同类的"
dilemma,n,进退两难的窘境
immigrant,n,"移民,外侨"
immigrant,adj,移民的;迁入的
depress,vt,"使沮丧;压下,压低"
flaw,n,瑕疵;缺点
flaw,v,使有缺陷;使不完美;有瑕疵
asset,n,"财产,资产"
concept,n,概念
rage,n,极怒;盛怒
rage,v,(战争等)激烈地进行
council,n,议会;理事会;委员会
pledge,v,"保证给予(或做),正式承诺"
pledge,n,"保证,誓约"
dental,adj,"牙齿的,牙科的"
explicit,adj,明确的
liability,n,责任
restraint,n,"约束,限制"
continent,n,"大陆,陆地,洲"
suspend,v,"悬挂,吊"
deem,v,"认为,视为;知道,相信"
hence,adv,因此
specification,n,"规格,具体要求"
withdraw,v,收回;取款
pellucid,adj,清澈透明的;表达清晰的
quotidian,adj,日常的;平凡的
recondite,adj,深奥的;难解的
